{
  "global_n": 207360,
  "global_mae": 15.041606902005253,
  "global_rmse": 41.951943506688515,
  "global_r2": 0.9646552492505941,
  "global_mape_no_cero": 0.22639373193518283,
  "global_mape_n": 171846,
  "diurno_n": 164160,
  "diurno_mae": 18.355610846551816,
  "diurno_rmse": 46.65014339970362,
  "diurno_r2": 0.9634267472361916,
  "diurno_mape_no_cero": 0.20723198109383703,
  "diurno_mape_n": 161312,
  "nocturno_n": 43200,
  "nocturno_mae": 2.448391912728325,
  "nocturno_rmse": 13.346848546948662,
  "nocturno_r2": 0.802075365003313,
  "nocturno_mape_no_cero": 0.5198264594574136,
  "nocturno_mape_n": 10534,
  "best_iteration": 305,
  "secs_entrenamiento": 6.5,
  "n_features": 12,
  "n_train_total": 207360,
  "n_test": 207360,
  "anio_train": 2023,
  "anio_test": 2024,
  "params": {
    "n_estimators": 800,
    "learning_rate": 0.08,
    "max_depth": 8,
    "min_child_weight": 5,
    "subsample": 0.85,
    "colsample_bytree": 0.85,
    "objective": "reg:squarederror",
    "tree_method": "hist",
    "enable_categorical": true,
    "random_state": 42,
    "n_jobs": -1
  },
  "top_features": {
    "hour": 0.4899040460586548,
    "is_night": 0.17561055719852448,
    "NLC": 0.08999486267566681,
    "is_peak": 0.0619000606238842,
    "InnerFareZone": 0.051032599061727524,
    "day_type": 0.03461591899394989,
    "num_lines": 0.025610236451029778,
    "tiene_modo_tfl_explicito": 0.024139024317264557,
    "OuterFareZone": 0.022659309208393097,
    "num_modes": 0.012165787629783154
  }
}